<?xml version='1.0' encoding='UTF-8'?>
<?artifactRepository class='org.eclipse.equinox.internal.p2.artifact.repository.simple.SimpleArtifactRepository' version='1.0.0'?>
<repository name='file:/D:/Devs/workspace/sf.eclipse.javacc-web/ - artifacts' type='org.eclipse.equinox.p2.artifact.repository.simpleRepository' version='1'>
  <properties size='2'>
    <property name='p2.compressed' value='false'/>
    <property name='p2.timestamp' value='1267120944022'/>
  </properties>
  <mappings size='3'>
    <rule filter='(&amp; (classifier=osgi.bundle))' output='${repoUrl}/plugins/${id}_${version}.jar'/>
    <rule filter='(&amp; (classifier=binary))' output='${repoUrl}/binary/${id}_${version}'/>
    <rule filter='(&amp; (classifier=org.eclipse.update.feature))' output='${repoUrl}/features/${id}_${version}.jar'/>
  </mappings>
  <artifacts size='3'>
    <artifact classifier='org.eclipse.update.feature' id='sf.eclipse.javacc.feature' version='1.5.20'>
      <properties size='2'>
        <property name='artifact.size' value='8046'/>
        <property name='download.size' value='8046'/>
      </properties>
    </artifact>
    <artifact classifier='osgi.bundle' id='sf.eclipse.javacc.help' version='1.5.0'>
      <properties size='3'>
        <property name='artifact.size' value='874448'/>
        <property name='download.size' value='874448'/>
        <property name='download.contentType' value='application/zip'/>
      </properties>
    </artifact>
    <artifact classifier='osgi.bundle' id='sf.eclipse.javacc' version='1.5.20'>
      <properties size='3'>
        <property name='artifact.size' value='2130826'/>
        <property name='download.size' value='2130826'/>
        <property name='download.contentType' value='application/zip'/>
      </properties>
    </artifact>
  </artifacts>
</repository>
