<?xml version='1.0' encoding='UTF-8'?>
<?metadataRepository class='org.eclipse.equinox.internal.p2.metadata.repository.LocalMetadataRepository' version='1.0.0'?>
<repository name='file:/D:/Devs/workspace/sf.eclipse.javacc-web/ - metadata' type='org.eclipse.equinox.internal.p2.metadata.repository.LocalMetadataRepository' version='1'>
  <properties size='2'>
    <property name='p2.compressed' value='false'/>
    <property name='p2.timestamp' value='1266516478148'/>
  </properties>
  <references size='4'>
    <repository url='http://eclipse-javacc.sourceforge.net' type='0' options='0'/>
    <repository url='http://eclipse-javacc.sourceforge.net/' type='1' options='0'/>
    <repository url='http://eclipse-javacc.sourceforge.net' type='1' options='0'/>
    <repository url='http://eclipse-javacc.sourceforge.net/' type='0' options='0'/>
  </references>
  <units size='10'>
    <unit id='sf.eclipse.javacc.help' version='1.5.0'>
      <update id='sf.eclipse.javacc.help' range='[0.0.0,1.5.0)' severity='0'/>
      <properties size='2'>
        <property name='org.eclipse.equinox.p2.name' value='JavaCC plug-in Help'/>
        <property name='org.eclipse.equinox.p2.provider' value='Remi Koutcherawy'/>
      </properties>
      <provides size='3'>
        <provided namespace='org.eclipse.equinox.p2.iu' name='sf.eclipse.javacc.help' version='1.5.0'/>
        <provided namespace='osgi.bundle' name='sf.eclipse.javacc.help' version='1.5.0'/>
        <provided namespace='org.eclipse.equinox.p2.eclipse.type' name='bundle' version='1.0.0'/>
      </provides>
      <artifacts size='1'>
        <artifact classifier='osgi.bundle' id='sf.eclipse.javacc.help' version='1.5.0'/>
      </artifacts>
      <touchpoint id='org.eclipse.equinox.p2.osgi' version='1.0.0'/>
      <touchpointData size='1'>
        <instructions size='1'>
          <instruction key='manifest'>
            Bundle-ManifestVersion: 2&#xA;Eclipse-AutoStart: false&#xA;Bundle-Version: 1.5.0&#xA;Manifest-Version: 1.0&#xA;Bundle-SymbolicName: sf.eclipse.javacc.help; singleton:=true&#xA;Bundle-Name: JavaCC plug-in Help&#xA;Bundle-Localization: plugin&#xA;Bundle-Vendor: Remi Koutcherawy&#xA;
          </instruction>
        </instructions>
      </touchpointData>
    </unit>
    <unit id='config.a.jre' version='1.6.0' singleton='false'>
      <hostRequirements size='1'>
        <required namespace='org.eclipse.equinox.p2.iu' name='a.jre' range='1.6.0'/>
      </hostRequirements>
      <properties size='1'>
        <property name='org.eclipse.equinox.p2.type.fragment' value='true'/>
      </properties>
      <provides size='1'>
        <provided namespace='org.eclipse.equinox.p2.iu' name='config.a.jre' version='1.6.0'/>
      </provides>
      <requires size='1'>
        <required namespace='org.eclipse.equinox.p2.iu' name='a.jre' range='1.6.0'/>
      </requires>
      <touchpoint id='org.eclipse.equinox.p2.native' version='1.0.0'/>
      <touchpointData size='1'>
        <instructions size='1'>
          <instruction key='install'>

          </instruction>
        </instructions>
      </touchpointData>
    </unit>
    <unit id='sf.eclipse.javacc.feature.feature.jar' version='1.5.18'>
      <update id='sf.eclipse.javacc.feature.feature.jar' range='[0.0.0,1.5.18)' severity='0'/>
      <properties size='5'>
        <property name='org.eclipse.equinox.p2.name' value='JavaCC Feature'/>
        <property name='org.eclipse.equinox.p2.description' value='This Feature is designed to make the JavaCC Eclipse Plug-in available&#xA;for installation through the Eclipse Update manager.'/>
        <property name='org.eclipse.equinox.p2.description.url' value='http://eclipse-javacc.sourceforge.net/'/>
        <property name='org.eclipse.equinox.p2.provider' value='Remi Koutcherawy'/>
        <property name='org.eclipse.update.feature.plugin' value='sf.eclipse.javacc'/>
      </properties>
      <provides size='3'>
        <provided namespace='org.eclipse.equinox.p2.iu' name='sf.eclipse.javacc.feature.feature.jar' version='1.5.18'/>
        <provided namespace='org.eclipse.equinox.p2.eclipse.type' name='feature' version='1.0.0'/>
        <provided namespace='org.eclipse.update.feature' name='sf.eclipse.javacc.feature' version='1.5.18'/>
      </provides>
      <filter>
        (org.eclipse.update.install.features=true)
      </filter>
      <artifacts size='1'>
        <artifact classifier='org.eclipse.update.feature' id='sf.eclipse.javacc.feature' version='1.5.18'/>
      </artifacts>
      <touchpoint id='org.eclipse.equinox.p2.osgi' version='1.0.0'/>
      <touchpointData size='1'>
        <instructions size='1'>
          <instruction key='zipped'>
            true
          </instruction>
        </instructions>
      </touchpointData>
      <licenses size='1'>
        <license url='http://www.cecill.info/index.en.html'>
          CeCILL FREE SOFTWARE LICENSE AGREEMENT&#xA;Notice&#xA;This Agreement is a Free Software license agreement that is the&#xA;result of discussions between its authors in order to ensure&#xA;compliance with the two main principles guiding its drafting:&#xA;* firstly, compliance with the principles governing the distribution&#xA;of Free Software: access to source code, broad rights granted&#xA;to users,&#xA;* secondly, the election of a governing law, French law, with&#xA;which it is conformant, both as regards the law of torts and&#xA;intellectual property law, and the protection that it offers&#xA;to both authors and holders of the economic rights over software.&#xA;The authors of the CeCILL1 license are:&#xA;Commissariat à l&apos;Energie Atomique - CEA, a public scientific,&#xA;technical and industrial establishment, having its principal&#xA;place of business at 31-33 rue de la Fédération, 75752 Paris&#xA;cedex 15, France.&#xA;Centre National de la Recherche Scientifique - CNRS, a public&#xA;scientific and technological establishment, having its principal&#xA;place of business at 3 rue Michel-Ange 75794 Paris cedex 16,&#xA;France.&#xA;Institut National de Recherche en Informatique et en Automatique&#xA;- INRIA, a public scientific and technological establishment,&#xA;having its principal place of business at Domaine de Voluceau,&#xA;Rocquencourt, BP 105, 78153 Le Chesnay cedex, France.&#xA;Preamble&#xA;The purpose of this Free Software license agreement is to grant&#xA;users the right to modify and redistribute the software governed&#xA;by this license within the framework of an open source distribution&#xA;model.&#xA;The exercising of these rights is conditional upon certain obligations&#xA;for users so as to preserve this status for all subsequent redistributions.&#xA;In consideration of access to the source code and the rights&#xA;to copy, modify and redistribute granted by the license, users&#xA;are provided only with a limited warranty and the software&apos;s&#xA;author, the holder of the economic rights, and the successive&#xA;licensors only have limited liability.&#xA;In this respect, the risks associated with loading, using, modifying&#xA;and/or developing or reproducing the software by the user are&#xA;brought to the user&apos;s attention, given its Free Software status,&#xA;which may make it complicated to use, with the result that its&#xA;use is reserved for developers and experienced professionals&#xA;having in-depth computer knowledge. Users are therefore encouraged&#xA;to load and test the Software&apos;s suitability as regards their&#xA;requirements in conditions enabling the security of their systems&#xA;and/or data to be ensured and, more generally, to use and operate&#xA;it in the same conditions of security. This Agreement may be&#xA;freely reproduced and published, provided it is not altered,&#xA;and that no provisions are either added or removed herefrom.&#xA;This Agreement may apply to any or all software for which the&#xA;holder of the economic rights decides to submit the use thereof&#xA;to its provisions.&#xA;Article 1 - DEFINITIONS&#xA;For the purpose of this Agreement, when the following expressions&#xA;commence with a capital letter, they shall have the following&#xA;meaning:&#xA;Agreement: means this license agreement, and its possible subsequent&#xA;versions and annexes.&#xA;Software: means the software in its Object Code and/or Source&#xA;Code form and, where applicable, its documentation, &quot;as is&quot; when&#xA;the Licensee accepts the Agreement.&#xA;Initial Software: means the Software in its Source Code and possibly&#xA;its Object Code form and, where applicable, its documentation,&#xA;&quot;as is&quot; when it is first distributed under the terms and conditions&#xA;of the Agreement.&#xA;Modified Software: means the Software modified by at least one&#xA;Contribution.&#xA;Source Code: means all the Software&apos;s instructions and program&#xA;lines to which access is required so as to modify the Software.&#xA;Object Code: means the binary files originating from the compilation&#xA;of the Source Code.&#xA;Holder: means the holder(s) of the economic rights over the Initial&#xA;Software.&#xA;Licensee: means the Software user(s) having accepted the Agreement.&#xA;Contributor: means a Licensee having made at least one Contribution.&#xA;Licensor: means the Holder, or any other individual or legal&#xA;entity, who distributes the Software under the Agreement.&#xA;Contribution: means any or all modifications, corrections, translations,&#xA;adaptations and/or new functions integrated into the Software&#xA;by any or all Contributors, as well as any or all Internal Modules.&#xA;Module: means a set of sources files including their documentation&#xA;that enables supplementary functions or services in addition&#xA;to those offered by the Software.&#xA;External Module: means any or all Modules, not derived from the&#xA;Software, so that this Module and the Software run in separate&#xA;address spaces, with one calling the other when they are run.&#xA;Internal Module: means any or all Module, connected to the Software&#xA;so that they both execute in the same address space.&#xA;GNU GPL: means the GNU General Public License version 2 or any&#xA;subsequent version, as published by the Free Software Foundation&#xA;Inc.&#xA;Parties: mean both the Licensee and the Licensor.&#xA;These expressions may be used both in singular and plural form.&#xA;Article 2 - PURPOSE&#xA;The purpose of the Agreement is the grant by the Licensor to&#xA;the Licensee of a non-exclusive, transferable and worldwide license&#xA;for the Software as set forth in Article 5 hereinafter for the&#xA;whole term of the protection granted by the rights over said&#xA;Software.&#xA;Article 3 - ACCEPTANCE&#xA;3.1 The Licensee shall be deemed as having accepted the terms&#xA;and conditions of this Agreement upon the occurrence of the first&#xA;of the following events:&#xA;* (i) loading the Software by any or all means, notably, by downloading&#xA;from a remote server, or by loading from a physical medium;&#xA;* (ii) the first time the Licensee exercises any of the rights&#xA;granted hereunder.&#xA;3.2 One copy of the Agreement, containing a notice relating to&#xA;the characteristics of the Software, to the limited warranty,&#xA;and to the fact that its use is restricted to experienced users&#xA;has been provided to the Licensee prior to its acceptance as&#xA;set forth in Article 3.1 hereinabove, and the Licensee hereby&#xA;acknowledges that it has read and understood it.&#xA;Article 4 - EFFECTIVE DATE AND TERM&#xA;4.1 EFFECTIVE DATE&#xA;The Agreement shall become effective on the date when it is accepted&#xA;by the Licensee as set forth in Article 3.1.&#xA;4.2 TERM&#xA;The Agreement shall remain in force for the entire legal term&#xA;of protection of the economic rights over the Software.&#xA;Article 5 - SCOPE OF RIGHTS GRANTED&#xA;The Licensor hereby grants to the Licensee, who accepts, the&#xA;following rights over the Software for any or all use, and for&#xA;the term of the Agreement, on the basis of the terms and conditions&#xA;set forth hereinafter.&#xA;Besides, if the Licensor owns or comes to own one or more patents&#xA;protecting all or part of the functions of the Software or of&#xA;its components, the Licensor undertakes not to enforce the rights&#xA;granted by these patents against successive Licensees using,&#xA;exploiting or modifying the Software. If these patents are transferred,&#xA;the Licensor undertakes to have the transferees subscribe to&#xA;the obligations set forth in this paragraph.&#xA;5.1 RIGHT OF USE&#xA;The Licensee is authorized to use the Software, without any limitation&#xA;as to its fields of application, with it being hereinafter specified&#xA;that this comprises:&#xA;1.&#xA;permanent or temporary reproduction of all or part of the Software&#xA;by any or all means and in any or all form.&#xA;2.&#xA;loading, displaying, running, or storing the Software on any&#xA;or all medium.&#xA;3.&#xA;entitlement to observe, study or test its operation so as to&#xA;determine the ideas and principles behind any or all constituent&#xA;elements of said Software. This shall apply when the Licensee&#xA;carries out any or all loading, displaying, running, transmission&#xA;or storage operation as regards the Software, that it is entitled&#xA;to carry out hereunder.&#xA;5.2 ENTITLEMENT TO MAKE CONTRIBUTIONS&#xA;The right to make Contributions includes the right to translate,&#xA;adapt, arrange, or make any or all modifications to the Software,&#xA;and the right to reproduce the resulting Software.&#xA;The Licensee is authorized to make any or all Contributions to&#xA;the Software provided that it includes an explicit notice that&#xA;it is the author of said Contribution and indicates the date&#xA;of the creation thereof.&#xA;5.3 RIGHT OF DISTRIBUTION&#xA;In particular, the right of distribution includes the right to&#xA;publish, transmit and communicate the Software to the general&#xA;public on any or all medium, and by any or all means, and the&#xA;right to market, either in consideration of a fee, or free of&#xA;charge, one or more copies of the Software by any means.&#xA;The Licensee is further authorized to distribute copies of the&#xA;modified or unmodified Software to third parties according to&#xA;the terms and conditions set forth hereinafter.&#xA;5.3.1 DISTRIBUTION OF SOFTWARE WITHOUT MODIFICATION&#xA;The Licensee is authorized to distribute true copies of the Software&#xA;in Source Code or Object Code form, provided that said distribution&#xA;complies with all the provisions of the Agreement and is accompanied&#xA;by:&#xA;1.&#xA;a copy of the Agreement,&#xA;2.&#xA;a notice relating to the limitation of both the Licensor&apos;s warranty&#xA;and liability as set forth in Articles 8 and 9,&#xA;and that, in the event that only the Object Code of the Software&#xA;is redistributed, the Licensee allows future Licensees unhindered&#xA;access to the full Source Code of the Software by indicating&#xA;how to access it, it being understood that the additional cost&#xA;of acquiring the Source Code shall not exceed the cost of transferring&#xA;the data.&#xA;5.3.2 DISTRIBUTION OF MODIFIED SOFTWARE&#xA;When the Licensee makes a Contribution to the Software, the terms&#xA;and conditions for the distribution of the Modified Software&#xA;become subject to all the provisions of this Agreement.&#xA;The Licensee is authorized to distribute the Modified Software,&#xA;in Source Code or Object Code form, provided that said distribution&#xA;complies with all the provisions of the Agreement and is accompanied&#xA;by:&#xA;1.&#xA;a copy of the Agreement,&#xA;2.&#xA;a notice relating to the limitation of both the Licensor&apos;s warranty&#xA;and liability as set forth in Articles 8 and 9,&#xA;and that, in the event that only the Object Code of the Modified&#xA;Software is redistributed, the Licensee allows future Licensees&#xA;unhindered access to the full Source Code of the Modified Software&#xA;by indicating how to access it, it being understood that the&#xA;additional cost of acquiring the Source Code shall not exceed&#xA;the cost of transferring the data.&#xA;5.3.3 DISTRIBUTION OF EXTERNAL MODULES&#xA;When the Licensee has developed an External Module, the terms&#xA;and conditions of this Agreement do not apply to said External&#xA;Module, that may be distributed under a separate license agreement.&#xA;5.3.4 COMPATIBILITY WITH THE GNU GPL&#xA;The Licensee can include a code that is subject to the provisions&#xA;of one of the versions of the GNU GPL in the Modified or unmodified&#xA;Software, and distribute that entire code under the terms of&#xA;the same version of the GNU GPL.&#xA;The Licensee can include the Modified or unmodified Software&#xA;in a code that is subject to the provisions of one of the versions&#xA;of the GNU GPL, and distribute that entire code under the terms&#xA;of the same version of the GNU GPL.&#xA;Article 6 - INTELLECTUAL PROPERTY&#xA;6.1 OVER THE INITIAL SOFTWARE&#xA;The Holder owns the economic rights over the Initial Software.&#xA;Any or all use of the Initial Software is subject to compliance&#xA;with the terms and conditions under which the Holder has elected&#xA;to distribute its work and no one shall be entitled to modify&#xA;the terms and conditions for the distribution of said Initial&#xA;Software.&#xA;The Holder undertakes that the Initial Software will remain ruled&#xA;at least by the current license, for the duration set forth in&#xA;article 4.2.&#xA;6.2 OVER THE CONTRIBUTIONS&#xA;A Licensee who develops a Contribution is the owner of the intellectual&#xA;property rights over this Contribution as defined by applicable&#xA;law.&#xA;6.3 OVER THE EXTERNAL MODULES&#xA;A Licensee who develops an External Module is the owner of the&#xA;intellectual property rights over this External Module as defined&#xA;by applicable law and is free to choose the type of agreement&#xA;that shall govern its distribution.&#xA;6.4 JOINT PROVISIONS&#xA;The Licensee expressly undertakes:&#xA;1.&#xA;not to remove, or modify, in any manner, the intellectual property&#xA;notices attached to the Software;&#xA;2.&#xA;to reproduce said notices, in an identical manner, in the copies&#xA;of the Software modified or not.&#xA;The Licensee undertakes not to directly or indirectly infringe&#xA;the intellectual property rights of the Holder and/or Contributors&#xA;on the Software and to take, where applicable, vis-à-vis its&#xA;staff, any and all measures required to ensure respect of said&#xA;intellectual property rights of the Holder and/or Contributors.&#xA;Article 7 - RELATED SERVICES&#xA;7.1 Under no circumstances shall the Agreement oblige the Licensor&#xA;to provide technical assistance or maintenance services for the&#xA;Software.&#xA;However, the Licensor is entitled to offer this type of services.&#xA;The terms and conditions of such technical assistance, and/or&#xA;such maintenance, shall be set forth in a separate instrument.&#xA;Only the Licensor offering said maintenance and/or technical&#xA;assistance services shall incur liability therefor.&#xA;7.2 Similarly, any Licensor is entitled to offer to its licensees,&#xA;under its sole responsibility, a warranty, that shall only be&#xA;binding upon itself, for the redistribution of the Software and/or&#xA;the Modified Software, under terms and conditions that it is&#xA;free to decide. Said warranty, and the financial terms and conditions&#xA;of its application, shall be subject of a separate instrument&#xA;executed between the Licensor and the Licensee.&#xA;Article 8 - LIABILITY&#xA;8.1 Subject to the provisions of Article 8.2, the Licensee shall&#xA;be entitled to claim compensation for any direct loss it may&#xA;have suffered from the Software as a result of a fault on the&#xA;part of the relevant Licensor, subject to providing evidence&#xA;thereof.&#xA;8.2 The Licensor&apos;s liability is limited to the commitments made&#xA;under this Agreement and shall not be incurred as a result of&#xA;in particular: (i) loss due the Licensee&apos;s total or partial failure&#xA;to fulfill its obligations, (ii) direct or consequential loss&#xA;that is suffered by the Licensee due to the use or performance&#xA;of the Software, and (iii) more generally, any consequential&#xA;loss. In particular the Parties expressly agree that any or all&#xA;pecuniary or business loss (i.e. loss of data, loss of profits,&#xA;operating loss, loss of customers or orders, opportunity cost,&#xA;any disturbance to business activities) or any or all legal proceedings&#xA;instituted against the Licensee by a third party, shall constitute&#xA;consequential loss and shall not provide entitlement to any or&#xA;all compensation from the Licensor.&#xA;Article 9 - WARRANTY&#xA;9.1 The Licensee acknowledges that the scientific and technical&#xA;state-of-the-art when the Software was distributed did not enable&#xA;all possible uses to be tested and verified, nor for the presence&#xA;of possible defects to be detected. In this respect, the Licensee&apos;s&#xA;attention has been drawn to the risks associated with loading,&#xA;using, modifying and/or developing and reproducing the Software&#xA;which are reserved for experienced users.&#xA;The Licensee shall be responsible for verifying, by any or all&#xA;means, the product&apos;s suitability for its requirements, its good&#xA;working order, and for ensuring that it shall not cause damage&#xA;to either persons or properties.&#xA;9.2 The Licensor hereby represents, in good faith, that it is&#xA;entitled to grant all the rights over the Software (including&#xA;in particular the rights set forth in Article 5).&#xA;9.3 The Licensee acknowledges that the Software is supplied &quot;as&#xA;is&quot; by the Licensor without any other express or tacit warranty,&#xA;other than that provided for in Article 9.2 and, in particular,&#xA;without any warranty as to its commercial value, its secured,&#xA;safe, innovative or relevant nature.&#xA;Specifically, the Licensor does not warrant that the Software&#xA;is free from any error, that it will operate without interruption,&#xA;that it will be compatible with the Licensee&apos;s own equipment&#xA;and software configuration, nor that it will meet the Licensee&apos;s&#xA;requirements.&#xA;9.4 The Licensor does not either expressly or tacitly warrant&#xA;that the Software does not infringe any third party intellectual&#xA;property right relating to a patent, software or any other property&#xA;right. Therefore, the Licensor disclaims any and all liability&#xA;towards the Licensee arising out of any or all proceedings for&#xA;infringement that may be instituted in respect of the use, modification&#xA;and redistribution of the Software. Nevertheless, should such&#xA;proceedings be instituted against the Licensee, the Licensor&#xA;shall provide it with technical and legal assistance for its&#xA;defense. Such technical and legal assistance shall be decided&#xA;on a case-by-case basis between the relevant Licensor and the&#xA;Licensee pursuant to a memorandum of understanding. The Licensor&#xA;disclaims any and all liability as regards the Licensee&apos;s use&#xA;of the name of the Software. No warranty is given as regards&#xA;the existence of prior rights over the name of the Software or&#xA;as regards the existence of a trademark.&#xA;Article 10 - TERMINATION&#xA;10.1 In the event of a breach by the Licensee of its obligations&#xA;hereunder, the Licensor may automatically terminate this Agreement&#xA;thirty (30) days after notice has been sent to the Licensee and&#xA;has remained ineffective.&#xA;10.2 A Licensee whose Agreement is terminated shall no longer&#xA;be authorized to use, modify or distribute the Software. However,&#xA;any licenses that it may have granted prior to termination of&#xA;the Agreement shall remain valid subject to their having been&#xA;granted in compliance with the terms and conditions hereof.&#xA;Article 11 - MISCELLANEOUS&#xA;11.1 EXCUSABLE EVENTS&#xA;Neither Party shall be liable for any or all delay, or failure&#xA;to perform the Agreement, that may be attributable to an event&#xA;of force majeure, an act of God or an outside cause, such as&#xA;defective functioning or interruptions of the electricity or&#xA;telecommunications networks, network paralysis following a virus&#xA;attack, intervention by government authorities, natural disasters,&#xA;water damage, earthquakes, fire, explosions, strikes and labor&#xA;unrest, war, etc.&#xA;11.2 Any Failure by either Party, on one or more occasions, to&#xA;invoke one or more of the provisions hereof, shall under no circumstances&#xA;be interpreted as being a waiver by the interested Party of its&#xA;right to invoke said provision(s) subsequently.&#xA;11.3 The Agreement cancels and replaces any or all previous agreements,&#xA;whether written or oral, between the Parties and having the same&#xA;purpose, and constitutes the entirety of the agreement between&#xA;said Parties concerning said purpose. No supplement or modification&#xA;to the terms and conditions hereof shall be effective as between&#xA;the Parties unless it is made in writing and signed by their&#xA;duly authorized representatives.&#xA;11.4 In the event that one or more of the provisions hereof were&#xA;to conflict with a current or future applicable act or legislative&#xA;text, said act or legislative text shall prevail, and the Parties&#xA;shall make the necessary amendments so as to comply with said&#xA;act or legislative text. All other provisions shall remain effective.&#xA;Similarly, invalidity of a provision of the Agreement, for any&#xA;reason whatsoever, shall not cause the Agreement as a whole to&#xA;be invalid.&#xA;11.5 LANGUAGE&#xA;The Agreement is drafted in both French and English and both&#xA;versions are deemed authentic.&#xA;Article 12 - NEW VERSIONS OF THE AGREEMENT&#xA;12.1 Any person is authorized to duplicate and distribute copies&#xA;of this Agreement.&#xA;12.2 So as to ensure coherence, the wording of this Agreement&#xA;is protected and may only be modified by the authors of the License,&#xA;who reserve the right to periodically publish updates or new&#xA;versions of the Agreement, each with a separate number. These&#xA;subsequent versions may address new issues encountered by Free&#xA;Software.&#xA;12.3 Any Software distributed under a given version of the Agreement&#xA;may only be subsequently distributed under the same version of&#xA;the Agreement or a subsequent version, subject to the provisions&#xA;of Article 5.3.4.&#xA;Article 13 - GOVERNING LAW AND JURISDICTION&#xA;13.1 The Agreement is governed by French law. The Parties agree&#xA;to endeavor to seek an amicable solution to any disagreements&#xA;or disputes that may arise during the performance of the Agreement.&#xA;13.2 Failing an amicable solution within two (2) months as from&#xA;their occurrence, and unless emergency proceedings are necessary,&#xA;the disagreements or disputes shall be referred to the Paris&#xA;Courts having jurisdiction, by the more diligent Party.&#xA;1 CeCILL stands for Ce(a) C(nrs) I(nria) L(logiciel) L(ibre)&#xA;Version 2.0 dated 2005-05-21.
        </license>
      </licenses>
      <copyright>
        (c) Remi Koutcherawy
      </copyright>
    </unit>
    <unit id='tooling.osgi.bundle.default' version='1.0.0' singleton='false'>
      <hostRequirements size='1'>
        <required namespace='org.eclipse.equinox.p2.eclipse.type' name='bundle' range='0.0.0' multiple='true' greedy='false'/>
      </hostRequirements>
      <properties size='1'>
        <property name='org.eclipse.equinox.p2.type.fragment' value='true'/>
      </properties>
      <provides size='2'>
        <provided namespace='org.eclipse.equinox.p2.iu' name='tooling.osgi.bundle.default' version='1.0.0'/>
        <provided namespace='org.eclipse.equinox.p2.flavor' name='tooling' version='1.0.0'/>
      </provides>
      <requires size='1'>
        <required namespace='org.eclipse.equinox.p2.eclipse.type' name='bundle' range='0.0.0' multiple='true' greedy='false'/>
      </requires>
      <touchpoint id='null' version='0.0.0'/>
      <touchpointData size='1'>
        <instructions size='4'>
          <instruction key='uninstall'>
            uninstallBundle(bundle:${artifact})
          </instruction>
          <instruction key='configure'>
            setStartLevel(startLevel:4);
          </instruction>
          <instruction key='install'>
            installBundle(bundle:${artifact})
          </instruction>
          <instruction key='unconfigure'>

          </instruction>
        </instructions>
      </touchpointData>
    </unit>
    <unit id='sf.eclipse.javacc' version='1.5.18'>
      <update id='sf.eclipse.javacc' range='[0.0.0,1.5.18)' severity='0'/>
      <properties size='6'>
        <property name='df_LT.Bundle_name' value='SF JavaCC Eclipse Plug-in'/>
        <property name='df_LT.Bundle_Vendor_name' value='Remi Koutcherawy'/>
        <property name='fr.Bundle_name' value='SF JavaCC Eclipse Plug-in'/>
        <property name='fr.Bundle_Vendor_name' value='Remi Koutcherawy'/>
        <property name='org.eclipse.equinox.p2.name' value='%Bundle_name'/>
        <property name='org.eclipse.equinox.p2.provider' value='%Bundle_Vendor_name'/>
      </properties>
      <provides size='12'>
        <provided namespace='org.eclipse.equinox.p2.iu' name='sf.eclipse.javacc' version='1.5.18'/>
        <provided namespace='osgi.bundle' name='sf.eclipse.javacc' version='1.5.18'/>
        <provided namespace='java.package' name='sf.eclipse.javacc' version='0.0.0'/>
        <provided namespace='java.package' name='sf.eclipse.javacc.actions' version='0.0.0'/>
        <provided namespace='java.package' name='sf.eclipse.javacc.editors' version='0.0.0'/>
        <provided namespace='java.package' name='sf.eclipse.javacc.filters' version='0.0.0'/>
        <provided namespace='java.package' name='sf.eclipse.javacc.options' version='0.0.0'/>
        <provided namespace='java.package' name='sf.eclipse.javacc.parser' version='0.0.0'/>
        <provided namespace='java.package' name='sf.eclipse.javacc.wizards' version='0.0.0'/>
        <provided namespace='org.eclipse.equinox.p2.eclipse.type' name='bundle' version='1.0.0'/>
        <provided namespace='org.eclipse.equinox.p2.localization' name='df_LT' version='1.0.0'/>
        <provided namespace='org.eclipse.equinox.p2.localization' name='fr' version='1.0.0'/>
      </provides>
      <requires size='11'>
        <required namespace='osgi.bundle' name='org.eclipse.ui' range='0.0.0'/>
        <required namespace='osgi.bundle' name='org.eclipse.core.runtime' range='0.0.0'/>
        <required namespace='osgi.bundle' name='org.eclipse.core.variables' range='0.0.0'/>
        <required namespace='osgi.bundle' name='org.eclipse.debug.ui' range='0.0.0'/>
        <required namespace='osgi.bundle' name='org.eclipse.jface.text' range='0.0.0'/>
        <required namespace='osgi.bundle' name='org.eclipse.ui.ide' range='0.0.0'/>
        <required namespace='osgi.bundle' name='org.eclipse.ui.editors' range='0.0.0'/>
        <required namespace='osgi.bundle' name='org.eclipse.ui.workbench.texteditor' range='0.0.0'/>
        <required namespace='osgi.bundle' name='org.eclipse.ui.views' range='0.0.0'/>
        <required namespace='osgi.bundle' name='org.eclipse.jdt.ui' range='0.0.0'/>
        <required namespace='osgi.bundle' name='org.eclipse.jdt.core' range='0.0.0'/>
      </requires>
      <artifacts size='1'>
        <artifact classifier='osgi.bundle' id='sf.eclipse.javacc' version='1.5.18'/>
      </artifacts>
      <touchpoint id='org.eclipse.equinox.p2.osgi' version='1.0.0'/>
      <touchpointData size='1'>
        <instructions size='2'>
          <instruction key='manifest'>
            Bundle-ManifestVersion: 2&#xA;Bundle-RequiredExecutionEnvironment: J2SE-1.5&#xA;Bundle-ActivationPolicy: lazy&#xA;Bundle-Name: %Bundle_name&#xA;Bundle-ClassPath: plugin.jar&#xA;Require-Bundle: org.eclipse.ui,org.eclipse.core.runtime,org.eclipse.core.variables,org.eclipse.debug.ui,org.eclipse.jface.text,org.eclipse.ui.ide,org.eclipse.ui.editors,org.eclipse.ui.workbench.texteditor,org.eclipse.ui.views,org.eclipse.jdt.ui,org.eclipse.jdt.core&#xA;Bundle-Activator: sf.eclipse.javacc.Activator&#xA;Bundle-Vendor: %Bundle_Vendor_name&#xA;Manifest-Version: 1.0&#xA;Bundle-Version: 1.5.18&#xA;Comment: For Eclipse 3.1&#xA;Bundle-Localization: plugin&#xA;Export-Package: sf.eclipse.javacc; uses:=&quot;org.eclipse.jdt.core,  org.eclipse.jface.viewers,  org.eclipse.swt.graphics,  org.osgi.framework,  org.eclipse.core.resources,  org.eclipse.ui.part,  org.eclipse.swt.custom,  org.eclipse.ui.plugin,  org.eclipse.jface.resource,  org.eclipse.core.runtime,  org.eclipse.swt.widgets&quot;,sf.eclipse.javacc.actions; uses:=&quot;org.eclipse.jface.viewers,  sf.eclipse.javacc.editors,  org.eclipse.jface.text,  sf.eclipse.javacc.parser,  org.eclipse.core.resources,  sf.eclipse.javacc,  org.eclipse.jface.action,  org.eclipse.ui&quot;,sf.eclipse.javacc.editors; uses:=&quot;org.eclipse.jface.viewers,  org.eclipse.jface.text,  org.eclipse.jface.action,  org.eclipse.ui.editors.text,  org.eclipse.jface.text.hyperlink,  org.eclipse.jface.text.rules,  org.eclipse.swt.widgets,  org.eclipse.core.runtime,  org.eclipse.jface.text.contentassist,  org.eclipse.jface.util,  org.eclipse.swt.graphics,  org.eclipse.jface.text.presentation,  sf.eclipse.javacc.parser,  org.eclipse.jface.text.reconciler,  org.eclipse.ui,  org.eclipse.jface.text.source,  org.eclipse.ui.part,  org.eclipse.jface.preference,  org.eclipse.ui.views.contentoutline,  org.eclipse.ui.texteditor.spelling,  org.eclipse.ui.texteditor,  sf.eclipse.javacc,  org.eclipse.jface.resource&quot;,sf.eclipse.javacc.filters;uses:=&quot;org.eclipse.jface.viewers,sf.eclipse.javacc&quot;,sf.eclipse.javacc.options; uses:=&quot;org.eclipse.jface.util,  org.eclipse.jface.preference,  org.eclipse.ui.dialogs,  org.eclipse.core.runtime.preferences,  sf.eclipse.javacc,  org.eclipse.core.resources,  org.eclipse.swt.widgets,  org.eclipse.ui&quot;,sf.eclipse.javacc.parser;uses:=&quot;sf.eclipse.javacc.editors&quot;,sf.eclipse.javacc.wizards; uses:=&quot;org.eclipse.jdt.internal.ui.wizards,  org.eclipse.jdt.core,  org.eclipse.jface.viewers,  org.eclipse.jface.wizard,  sf.eclipse.javacc,  org.eclipse.swt.widgets,  org.eclipse.core.runtime&quot;&#xA;Bundle-SymbolicName: sf.eclipse.javacc;singleton:=true&#xA;Eclipse-LazyStart: true&#xA;
          </instruction>
          <instruction key='zipped'>
            true
          </instruction>
        </instructions>
      </touchpointData>
    </unit>
    <unit id='tooling.source.default' version='1.0.0' singleton='false'>
      <hostRequirements size='1'>
        <required namespace='org.eclipse.equinox.p2.eclipse.type' name='source' range='0.0.0' optional='true' multiple='true' greedy='false'/>
      </hostRequirements>
      <properties size='1'>
        <property name='org.eclipse.equinox.p2.type.fragment' value='true'/>
      </properties>
      <provides size='2'>
        <provided namespace='org.eclipse.equinox.p2.iu' name='tooling.source.default' version='1.0.0'/>
        <provided namespace='org.eclipse.equinox.p2.flavor' name='tooling' version='1.0.0'/>
      </provides>
      <requires size='1'>
        <required namespace='org.eclipse.equinox.p2.eclipse.type' name='source' range='0.0.0' optional='true' multiple='true' greedy='false'/>
      </requires>
      <touchpoint id='null' version='0.0.0'/>
      <touchpointData size='1'>
        <instructions size='2'>
          <instruction key='uninstall'>
            removeSourceBundle(bundle:${artifact})
          </instruction>
          <instruction key='install'>
            addSourceBundle(bundle:${artifact})
          </instruction>
        </instructions>
      </touchpointData>
    </unit>
    <unit id='JavaCC Eclipse Plug-in' version='0.0.0'>
      <properties size='2'>
        <property name='org.eclipse.equinox.p2.name' value='JavaCC Eclipse Plug-in'/>
        <property name='org.eclipse.equinox.p2.type.category' value='true'/>
      </properties>
      <provides size='1'>
        <provided namespace='org.eclipse.equinox.p2.iu' name='JavaCC Eclipse Plug-in' version='0.0.0'/>
      </provides>
      <requires size='1'>
        <required namespace='org.eclipse.equinox.p2.iu' name='sf.eclipse.javacc.feature.feature.group' range='[1.5.18,1.5.18]'/>
      </requires>
      <touchpoint id='null' version='0.0.0'/>
    </unit>
    <unit id='sf.eclipse.javacc.feature.feature.group' version='1.5.18' singleton='false'>
      <update id='sf.eclipse.javacc.feature.feature.group' range='[0.0.0,1.5.18)' severity='0'/>
      <properties size='5'>
        <property name='org.eclipse.equinox.p2.name' value='JavaCC Feature'/>
        <property name='org.eclipse.equinox.p2.description' value='This Feature is designed to make the JavaCC Eclipse Plug-in available&#xA;for installation through the Eclipse Update manager.'/>
        <property name='org.eclipse.equinox.p2.description.url' value='http://eclipse-javacc.sourceforge.net/'/>
        <property name='org.eclipse.equinox.p2.provider' value='Remi Koutcherawy'/>
        <property name='org.eclipse.equinox.p2.type.group' value='true'/>
      </properties>
      <provides size='1'>
        <provided namespace='org.eclipse.equinox.p2.iu' name='sf.eclipse.javacc.feature.feature.group' version='1.5.18'/>
      </provides>
      <requires size='13'>
        <required namespace='org.eclipse.equinox.p2.iu' name='org.eclipse.ui' range='0.0.0'/>
        <required namespace='org.eclipse.equinox.p2.iu' name='org.eclipse.core.runtime' range='0.0.0'/>
        <required namespace='org.eclipse.equinox.p2.iu' name='org.eclipse.core.variables' range='0.0.0'/>
        <required namespace='org.eclipse.equinox.p2.iu' name='org.eclipse.debug.ui' range='0.0.0'/>
        <required namespace='org.eclipse.equinox.p2.iu' name='org.eclipse.jface.text' range='0.0.0'/>
        <required namespace='org.eclipse.equinox.p2.iu' name='org.eclipse.ui.ide' range='0.0.0'/>
        <required namespace='org.eclipse.equinox.p2.iu' name='org.eclipse.ui.editors' range='0.0.0'/>
        <required namespace='org.eclipse.equinox.p2.iu' name='org.eclipse.ui.views' range='0.0.0'/>
        <required namespace='org.eclipse.equinox.p2.iu' name='org.eclipse.jdt.ui' range='0.0.0'/>
        <required namespace='org.eclipse.equinox.p2.iu' name='org.eclipse.jdt.core' range='0.0.0'/>
        <required namespace='org.eclipse.equinox.p2.iu' name='org.eclipse.ui.workbench.texteditor' range='0.0.0'/>
        <required namespace='org.eclipse.equinox.p2.iu' name='sf.eclipse.javacc' range='[1.5.18,1.5.18]'/>
        <required namespace='org.eclipse.equinox.p2.iu' name='sf.eclipse.javacc.feature.feature.jar' range='[1.5.18,1.5.18]'>
          <filter>
            (org.eclipse.update.install.features=true)
          </filter>
        </required>
      </requires>
      <touchpoint id='null' version='0.0.0'/>
      <licenses size='1'>
        <license url='http://www.cecill.info/index.en.html'>
          CeCILL FREE SOFTWARE LICENSE AGREEMENT&#xA;Notice&#xA;This Agreement is a Free Software license agreement that is the&#xA;result of discussions between its authors in order to ensure&#xA;compliance with the two main principles guiding its drafting:&#xA;* firstly, compliance with the principles governing the distribution&#xA;of Free Software: access to source code, broad rights granted&#xA;to users,&#xA;* secondly, the election of a governing law, French law, with&#xA;which it is conformant, both as regards the law of torts and&#xA;intellectual property law, and the protection that it offers&#xA;to both authors and holders of the economic rights over software.&#xA;The authors of the CeCILL1 license are:&#xA;Commissariat à l&apos;Energie Atomique - CEA, a public scientific,&#xA;technical and industrial establishment, having its principal&#xA;place of business at 31-33 rue de la Fédération, 75752 Paris&#xA;cedex 15, France.&#xA;Centre National de la Recherche Scientifique - CNRS, a public&#xA;scientific and technological establishment, having its principal&#xA;place of business at 3 rue Michel-Ange 75794 Paris cedex 16,&#xA;France.&#xA;Institut National de Recherche en Informatique et en Automatique&#xA;- INRIA, a public scientific and technological establishment,&#xA;having its principal place of business at Domaine de Voluceau,&#xA;Rocquencourt, BP 105, 78153 Le Chesnay cedex, France.&#xA;Preamble&#xA;The purpose of this Free Software license agreement is to grant&#xA;users the right to modify and redistribute the software governed&#xA;by this license within the framework of an open source distribution&#xA;model.&#xA;The exercising of these rights is conditional upon certain obligations&#xA;for users so as to preserve this status for all subsequent redistributions.&#xA;In consideration of access to the source code and the rights&#xA;to copy, modify and redistribute granted by the license, users&#xA;are provided only with a limited warranty and the software&apos;s&#xA;author, the holder of the economic rights, and the successive&#xA;licensors only have limited liability.&#xA;In this respect, the risks associated with loading, using, modifying&#xA;and/or developing or reproducing the software by the user are&#xA;brought to the user&apos;s attention, given its Free Software status,&#xA;which may make it complicated to use, with the result that its&#xA;use is reserved for developers and experienced professionals&#xA;having in-depth computer knowledge. Users are therefore encouraged&#xA;to load and test the Software&apos;s suitability as regards their&#xA;requirements in conditions enabling the security of their systems&#xA;and/or data to be ensured and, more generally, to use and operate&#xA;it in the same conditions of security. This Agreement may be&#xA;freely reproduced and published, provided it is not altered,&#xA;and that no provisions are either added or removed herefrom.&#xA;This Agreement may apply to any or all software for which the&#xA;holder of the economic rights decides to submit the use thereof&#xA;to its provisions.&#xA;Article 1 - DEFINITIONS&#xA;For the purpose of this Agreement, when the following expressions&#xA;commence with a capital letter, they shall have the following&#xA;meaning:&#xA;Agreement: means this license agreement, and its possible subsequent&#xA;versions and annexes.&#xA;Software: means the software in its Object Code and/or Source&#xA;Code form and, where applicable, its documentation, &quot;as is&quot; when&#xA;the Licensee accepts the Agreement.&#xA;Initial Software: means the Software in its Source Code and possibly&#xA;its Object Code form and, where applicable, its documentation,&#xA;&quot;as is&quot; when it is first distributed under the terms and conditions&#xA;of the Agreement.&#xA;Modified Software: means the Software modified by at least one&#xA;Contribution.&#xA;Source Code: means all the Software&apos;s instructions and program&#xA;lines to which access is required so as to modify the Software.&#xA;Object Code: means the binary files originating from the compilation&#xA;of the Source Code.&#xA;Holder: means the holder(s) of the economic rights over the Initial&#xA;Software.&#xA;Licensee: means the Software user(s) having accepted the Agreement.&#xA;Contributor: means a Licensee having made at least one Contribution.&#xA;Licensor: means the Holder, or any other individual or legal&#xA;entity, who distributes the Software under the Agreement.&#xA;Contribution: means any or all modifications, corrections, translations,&#xA;adaptations and/or new functions integrated into the Software&#xA;by any or all Contributors, as well as any or all Internal Modules.&#xA;Module: means a set of sources files including their documentation&#xA;that enables supplementary functions or services in addition&#xA;to those offered by the Software.&#xA;External Module: means any or all Modules, not derived from the&#xA;Software, so that this Module and the Software run in separate&#xA;address spaces, with one calling the other when they are run.&#xA;Internal Module: means any or all Module, connected to the Software&#xA;so that they both execute in the same address space.&#xA;GNU GPL: means the GNU General Public License version 2 or any&#xA;subsequent version, as published by the Free Software Foundation&#xA;Inc.&#xA;Parties: mean both the Licensee and the Licensor.&#xA;These expressions may be used both in singular and plural form.&#xA;Article 2 - PURPOSE&#xA;The purpose of the Agreement is the grant by the Licensor to&#xA;the Licensee of a non-exclusive, transferable and worldwide license&#xA;for the Software as set forth in Article 5 hereinafter for the&#xA;whole term of the protection granted by the rights over said&#xA;Software.&#xA;Article 3 - ACCEPTANCE&#xA;3.1 The Licensee shall be deemed as having accepted the terms&#xA;and conditions of this Agreement upon the occurrence of the first&#xA;of the following events:&#xA;* (i) loading the Software by any or all means, notably, by downloading&#xA;from a remote server, or by loading from a physical medium;&#xA;* (ii) the first time the Licensee exercises any of the rights&#xA;granted hereunder.&#xA;3.2 One copy of the Agreement, containing a notice relating to&#xA;the characteristics of the Software, to the limited warranty,&#xA;and to the fact that its use is restricted to experienced users&#xA;has been provided to the Licensee prior to its acceptance as&#xA;set forth in Article 3.1 hereinabove, and the Licensee hereby&#xA;acknowledges that it has read and understood it.&#xA;Article 4 - EFFECTIVE DATE AND TERM&#xA;4.1 EFFECTIVE DATE&#xA;The Agreement shall become effective on the date when it is accepted&#xA;by the Licensee as set forth in Article 3.1.&#xA;4.2 TERM&#xA;The Agreement shall remain in force for the entire legal term&#xA;of protection of the economic rights over the Software.&#xA;Article 5 - SCOPE OF RIGHTS GRANTED&#xA;The Licensor hereby grants to the Licensee, who accepts, the&#xA;following rights over the Software for any or all use, and for&#xA;the term of the Agreement, on the basis of the terms and conditions&#xA;set forth hereinafter.&#xA;Besides, if the Licensor owns or comes to own one or more patents&#xA;protecting all or part of the functions of the Software or of&#xA;its components, the Licensor undertakes not to enforce the rights&#xA;granted by these patents against successive Licensees using,&#xA;exploiting or modifying the Software. If these patents are transferred,&#xA;the Licensor undertakes to have the transferees subscribe to&#xA;the obligations set forth in this paragraph.&#xA;5.1 RIGHT OF USE&#xA;The Licensee is authorized to use the Software, without any limitation&#xA;as to its fields of application, with it being hereinafter specified&#xA;that this comprises:&#xA;1.&#xA;permanent or temporary reproduction of all or part of the Software&#xA;by any or all means and in any or all form.&#xA;2.&#xA;loading, displaying, running, or storing the Software on any&#xA;or all medium.&#xA;3.&#xA;entitlement to observe, study or test its operation so as to&#xA;determine the ideas and principles behind any or all constituent&#xA;elements of said Software. This shall apply when the Licensee&#xA;carries out any or all loading, displaying, running, transmission&#xA;or storage operation as regards the Software, that it is entitled&#xA;to carry out hereunder.&#xA;5.2 ENTITLEMENT TO MAKE CONTRIBUTIONS&#xA;The right to make Contributions includes the right to translate,&#xA;adapt, arrange, or make any or all modifications to the Software,&#xA;and the right to reproduce the resulting Software.&#xA;The Licensee is authorized to make any or all Contributions to&#xA;the Software provided that it includes an explicit notice that&#xA;it is the author of said Contribution and indicates the date&#xA;of the creation thereof.&#xA;5.3 RIGHT OF DISTRIBUTION&#xA;In particular, the right of distribution includes the right to&#xA;publish, transmit and communicate the Software to the general&#xA;public on any or all medium, and by any or all means, and the&#xA;right to market, either in consideration of a fee, or free of&#xA;charge, one or more copies of the Software by any means.&#xA;The Licensee is further authorized to distribute copies of the&#xA;modified or unmodified Software to third parties according to&#xA;the terms and conditions set forth hereinafter.&#xA;5.3.1 DISTRIBUTION OF SOFTWARE WITHOUT MODIFICATION&#xA;The Licensee is authorized to distribute true copies of the Software&#xA;in Source Code or Object Code form, provided that said distribution&#xA;complies with all the provisions of the Agreement and is accompanied&#xA;by:&#xA;1.&#xA;a copy of the Agreement,&#xA;2.&#xA;a notice relating to the limitation of both the Licensor&apos;s warranty&#xA;and liability as set forth in Articles 8 and 9,&#xA;and that, in the event that only the Object Code of the Software&#xA;is redistributed, the Licensee allows future Licensees unhindered&#xA;access to the full Source Code of the Software by indicating&#xA;how to access it, it being understood that the additional cost&#xA;of acquiring the Source Code shall not exceed the cost of transferring&#xA;the data.&#xA;5.3.2 DISTRIBUTION OF MODIFIED SOFTWARE&#xA;When the Licensee makes a Contribution to the Software, the terms&#xA;and conditions for the distribution of the Modified Software&#xA;become subject to all the provisions of this Agreement.&#xA;The Licensee is authorized to distribute the Modified Software,&#xA;in Source Code or Object Code form, provided that said distribution&#xA;complies with all the provisions of the Agreement and is accompanied&#xA;by:&#xA;1.&#xA;a copy of the Agreement,&#xA;2.&#xA;a notice relating to the limitation of both the Licensor&apos;s warranty&#xA;and liability as set forth in Articles 8 and 9,&#xA;and that, in the event that only the Object Code of the Modified&#xA;Software is redistributed, the Licensee allows future Licensees&#xA;unhindered access to the full Source Code of the Modified Software&#xA;by indicating how to access it, it being understood that the&#xA;additional cost of acquiring the Source Code shall not exceed&#xA;the cost of transferring the data.&#xA;5.3.3 DISTRIBUTION OF EXTERNAL MODULES&#xA;When the Licensee has developed an External Module, the terms&#xA;and conditions of this Agreement do not apply to said External&#xA;Module, that may be distributed under a separate license agreement.&#xA;5.3.4 COMPATIBILITY WITH THE GNU GPL&#xA;The Licensee can include a code that is subject to the provisions&#xA;of one of the versions of the GNU GPL in the Modified or unmodified&#xA;Software, and distribute that entire code under the terms of&#xA;the same version of the GNU GPL.&#xA;The Licensee can include the Modified or unmodified Software&#xA;in a code that is subject to the provisions of one of the versions&#xA;of the GNU GPL, and distribute that entire code under the terms&#xA;of the same version of the GNU GPL.&#xA;Article 6 - INTELLECTUAL PROPERTY&#xA;6.1 OVER THE INITIAL SOFTWARE&#xA;The Holder owns the economic rights over the Initial Software.&#xA;Any or all use of the Initial Software is subject to compliance&#xA;with the terms and conditions under which the Holder has elected&#xA;to distribute its work and no one shall be entitled to modify&#xA;the terms and conditions for the distribution of said Initial&#xA;Software.&#xA;The Holder undertakes that the Initial Software will remain ruled&#xA;at least by the current license, for the duration set forth in&#xA;article 4.2.&#xA;6.2 OVER THE CONTRIBUTIONS&#xA;A Licensee who develops a Contribution is the owner of the intellectual&#xA;property rights over this Contribution as defined by applicable&#xA;law.&#xA;6.3 OVER THE EXTERNAL MODULES&#xA;A Licensee who develops an External Module is the owner of the&#xA;intellectual property rights over this External Module as defined&#xA;by applicable law and is free to choose the type of agreement&#xA;that shall govern its distribution.&#xA;6.4 JOINT PROVISIONS&#xA;The Licensee expressly undertakes:&#xA;1.&#xA;not to remove, or modify, in any manner, the intellectual property&#xA;notices attached to the Software;&#xA;2.&#xA;to reproduce said notices, in an identical manner, in the copies&#xA;of the Software modified or not.&#xA;The Licensee undertakes not to directly or indirectly infringe&#xA;the intellectual property rights of the Holder and/or Contributors&#xA;on the Software and to take, where applicable, vis-à-vis its&#xA;staff, any and all measures required to ensure respect of said&#xA;intellectual property rights of the Holder and/or Contributors.&#xA;Article 7 - RELATED SERVICES&#xA;7.1 Under no circumstances shall the Agreement oblige the Licensor&#xA;to provide technical assistance or maintenance services for the&#xA;Software.&#xA;However, the Licensor is entitled to offer this type of services.&#xA;The terms and conditions of such technical assistance, and/or&#xA;such maintenance, shall be set forth in a separate instrument.&#xA;Only the Licensor offering said maintenance and/or technical&#xA;assistance services shall incur liability therefor.&#xA;7.2 Similarly, any Licensor is entitled to offer to its licensees,&#xA;under its sole responsibility, a warranty, that shall only be&#xA;binding upon itself, for the redistribution of the Software and/or&#xA;the Modified Software, under terms and conditions that it is&#xA;free to decide. Said warranty, and the financial terms and conditions&#xA;of its application, shall be subject of a separate instrument&#xA;executed between the Licensor and the Licensee.&#xA;Article 8 - LIABILITY&#xA;8.1 Subject to the provisions of Article 8.2, the Licensee shall&#xA;be entitled to claim compensation for any direct loss it may&#xA;have suffered from the Software as a result of a fault on the&#xA;part of the relevant Licensor, subject to providing evidence&#xA;thereof.&#xA;8.2 The Licensor&apos;s liability is limited to the commitments made&#xA;under this Agreement and shall not be incurred as a result of&#xA;in particular: (i) loss due the Licensee&apos;s total or partial failure&#xA;to fulfill its obligations, (ii) direct or consequential loss&#xA;that is suffered by the Licensee due to the use or performance&#xA;of the Software, and (iii) more generally, any consequential&#xA;loss. In particular the Parties expressly agree that any or all&#xA;pecuniary or business loss (i.e. loss of data, loss of profits,&#xA;operating loss, loss of customers or orders, opportunity cost,&#xA;any disturbance to business activities) or any or all legal proceedings&#xA;instituted against the Licensee by a third party, shall constitute&#xA;consequential loss and shall not provide entitlement to any or&#xA;all compensation from the Licensor.&#xA;Article 9 - WARRANTY&#xA;9.1 The Licensee acknowledges that the scientific and technical&#xA;state-of-the-art when the Software was distributed did not enable&#xA;all possible uses to be tested and verified, nor for the presence&#xA;of possible defects to be detected. In this respect, the Licensee&apos;s&#xA;attention has been drawn to the risks associated with loading,&#xA;using, modifying and/or developing and reproducing the Software&#xA;which are reserved for experienced users.&#xA;The Licensee shall be responsible for verifying, by any or all&#xA;means, the product&apos;s suitability for its requirements, its good&#xA;working order, and for ensuring that it shall not cause damage&#xA;to either persons or properties.&#xA;9.2 The Licensor hereby represents, in good faith, that it is&#xA;entitled to grant all the rights over the Software (including&#xA;in particular the rights set forth in Article 5).&#xA;9.3 The Licensee acknowledges that the Software is supplied &quot;as&#xA;is&quot; by the Licensor without any other express or tacit warranty,&#xA;other than that provided for in Article 9.2 and, in particular,&#xA;without any warranty as to its commercial value, its secured,&#xA;safe, innovative or relevant nature.&#xA;Specifically, the Licensor does not warrant that the Software&#xA;is free from any error, that it will operate without interruption,&#xA;that it will be compatible with the Licensee&apos;s own equipment&#xA;and software configuration, nor that it will meet the Licensee&apos;s&#xA;requirements.&#xA;9.4 The Licensor does not either expressly or tacitly warrant&#xA;that the Software does not infringe any third party intellectual&#xA;property right relating to a patent, software or any other property&#xA;right. Therefore, the Licensor disclaims any and all liability&#xA;towards the Licensee arising out of any or all proceedings for&#xA;infringement that may be instituted in respect of the use, modification&#xA;and redistribution of the Software. Nevertheless, should such&#xA;proceedings be instituted against the Licensee, the Licensor&#xA;shall provide it with technical and legal assistance for its&#xA;defense. Such technical and legal assistance shall be decided&#xA;on a case-by-case basis between the relevant Licensor and the&#xA;Licensee pursuant to a memorandum of understanding. The Licensor&#xA;disclaims any and all liability as regards the Licensee&apos;s use&#xA;of the name of the Software. No warranty is given as regards&#xA;the existence of prior rights over the name of the Software or&#xA;as regards the existence of a trademark.&#xA;Article 10 - TERMINATION&#xA;10.1 In the event of a breach by the Licensee of its obligations&#xA;hereunder, the Licensor may automatically terminate this Agreement&#xA;thirty (30) days after notice has been sent to the Licensee and&#xA;has remained ineffective.&#xA;10.2 A Licensee whose Agreement is terminated shall no longer&#xA;be authorized to use, modify or distribute the Software. However,&#xA;any licenses that it may have granted prior to termination of&#xA;the Agreement shall remain valid subject to their having been&#xA;granted in compliance with the terms and conditions hereof.&#xA;Article 11 - MISCELLANEOUS&#xA;11.1 EXCUSABLE EVENTS&#xA;Neither Party shall be liable for any or all delay, or failure&#xA;to perform the Agreement, that may be attributable to an event&#xA;of force majeure, an act of God or an outside cause, such as&#xA;defective functioning or interruptions of the electricity or&#xA;telecommunications networks, network paralysis following a virus&#xA;attack, intervention by government authorities, natural disasters,&#xA;water damage, earthquakes, fire, explosions, strikes and labor&#xA;unrest, war, etc.&#xA;11.2 Any Failure by either Party, on one or more occasions, to&#xA;invoke one or more of the provisions hereof, shall under no circumstances&#xA;be interpreted as being a waiver by the interested Party of its&#xA;right to invoke said provision(s) subsequently.&#xA;11.3 The Agreement cancels and replaces any or all previous agreements,&#xA;whether written or oral, between the Parties and having the same&#xA;purpose, and constitutes the entirety of the agreement between&#xA;said Parties concerning said purpose. No supplement or modification&#xA;to the terms and conditions hereof shall be effective as between&#xA;the Parties unless it is made in writing and signed by their&#xA;duly authorized representatives.&#xA;11.4 In the event that one or more of the provisions hereof were&#xA;to conflict with a current or future applicable act or legislative&#xA;text, said act or legislative text shall prevail, and the Parties&#xA;shall make the necessary amendments so as to comply with said&#xA;act or legislative text. All other provisions shall remain effective.&#xA;Similarly, invalidity of a provision of the Agreement, for any&#xA;reason whatsoever, shall not cause the Agreement as a whole to&#xA;be invalid.&#xA;11.5 LANGUAGE&#xA;The Agreement is drafted in both French and English and both&#xA;versions are deemed authentic.&#xA;Article 12 - NEW VERSIONS OF THE AGREEMENT&#xA;12.1 Any person is authorized to duplicate and distribute copies&#xA;of this Agreement.&#xA;12.2 So as to ensure coherence, the wording of this Agreement&#xA;is protected and may only be modified by the authors of the License,&#xA;who reserve the right to periodically publish updates or new&#xA;versions of the Agreement, each with a separate number. These&#xA;subsequent versions may address new issues encountered by Free&#xA;Software.&#xA;12.3 Any Software distributed under a given version of the Agreement&#xA;may only be subsequently distributed under the same version of&#xA;the Agreement or a subsequent version, subject to the provisions&#xA;of Article 5.3.4.&#xA;Article 13 - GOVERNING LAW AND JURISDICTION&#xA;13.1 The Agreement is governed by French law. The Parties agree&#xA;to endeavor to seek an amicable solution to any disagreements&#xA;or disputes that may arise during the performance of the Agreement.&#xA;13.2 Failing an amicable solution within two (2) months as from&#xA;their occurrence, and unless emergency proceedings are necessary,&#xA;the disagreements or disputes shall be referred to the Paris&#xA;Courts having jurisdiction, by the more diligent Party.&#xA;1 CeCILL stands for Ce(a) C(nrs) I(nria) L(logiciel) L(ibre)&#xA;Version 2.0 dated 2005-05-21.
        </license>
      </licenses>
      <copyright>
        (c) Remi Koutcherawy
      </copyright>
    </unit>
    <unit id='a.jre' version='1.6.0' singleton='false'>
      <provides size='117'>
        <provided namespace='org.eclipse.equinox.p2.iu' name='a.jre' version='1.6.0'/>
        <provided namespace='java.package' name='javax.accessibility' version='0.0.0'/>
        <provided namespace='java.package' name='javax.activity' version='0.0.0'/>
        <provided namespace='java.package' name='javax.crypto' version='0.0.0'/>
        <provided namespace='java.package' name='javax.crypto.interfaces' version='0.0.0'/>
        <provided namespace='java.package' name='javax.crypto.spec' version='0.0.0'/>
        <provided namespace='java.package' name='javax.imageio' version='0.0.0'/>
        <provided namespace='java.package' name='javax.imageio.event' version='0.0.0'/>
        <provided namespace='java.package' name='javax.imageio.metadata' version='0.0.0'/>
        <provided namespace='java.package' name='javax.imageio.plugins.bmp' version='0.0.0'/>
        <provided namespace='java.package' name='javax.imageio.plugins.jpeg' version='0.0.0'/>
        <provided namespace='java.package' name='javax.imageio.spi' version='0.0.0'/>
        <provided namespace='java.package' name='javax.imageio.stream' version='0.0.0'/>
        <provided namespace='java.package' name='javax.management' version='0.0.0'/>
        <provided namespace='java.package' name='javax.management.loading' version='0.0.0'/>
        <provided namespace='java.package' name='javax.management.modelmbean' version='0.0.0'/>
        <provided namespace='java.package' name='javax.management.monitor' version='0.0.0'/>
        <provided namespace='java.package' name='javax.management.openmbean' version='0.0.0'/>
        <provided namespace='java.package' name='javax.management.relation' version='0.0.0'/>
        <provided namespace='java.package' name='javax.management.remote' version='0.0.0'/>
        <provided namespace='java.package' name='javax.management.remote.rmi' version='0.0.0'/>
        <provided namespace='java.package' name='javax.management.timer' version='0.0.0'/>
        <provided namespace='java.package' name='javax.naming' version='0.0.0'/>
        <provided namespace='java.package' name='javax.naming.directory' version='0.0.0'/>
        <provided namespace='java.package' name='javax.naming.event' version='0.0.0'/>
        <provided namespace='java.package' name='javax.naming.ldap' version='0.0.0'/>
        <provided namespace='java.package' name='javax.naming.spi' version='0.0.0'/>
        <provided namespace='java.package' name='javax.net' version='0.0.0'/>
        <provided namespace='java.package' name='javax.net.ssl' version='0.0.0'/>
        <provided namespace='java.package' name='javax.print' version='0.0.0'/>
        <provided namespace='java.package' name='javax.print.attribute' version='0.0.0'/>
        <provided namespace='java.package' name='javax.print.attribute.standard' version='0.0.0'/>
        <provided namespace='java.package' name='javax.print.event' version='0.0.0'/>
        <provided namespace='java.package' name='javax.rmi' version='0.0.0'/>
        <provided namespace='java.package' name='javax.rmi.CORBA' version='0.0.0'/>
        <provided namespace='java.package' name='javax.rmi.ssl' version='0.0.0'/>
        <provided namespace='java.package' name='javax.security.auth' version='0.0.0'/>
        <provided namespace='java.package' name='javax.security.auth.callback' version='0.0.0'/>
        <provided namespace='java.package' name='javax.security.auth.kerberos' version='0.0.0'/>
        <provided namespace='java.package' name='javax.security.auth.login' version='0.0.0'/>
        <provided namespace='java.package' name='javax.security.auth.spi' version='0.0.0'/>
        <provided namespace='java.package' name='javax.security.auth.x500' version='0.0.0'/>
        <provided namespace='java.package' name='javax.security.cert' version='0.0.0'/>
        <provided namespace='java.package' name='javax.security.sasl' version='0.0.0'/>
        <provided namespace='java.package' name='javax.sound.midi' version='0.0.0'/>
        <provided namespace='java.package' name='javax.sound.midi.spi' version='0.0.0'/>
        <provided namespace='java.package' name='javax.sound.sampled' version='0.0.0'/>
        <provided namespace='java.package' name='javax.sound.sampled.spi' version='0.0.0'/>
        <provided namespace='java.package' name='javax.sql' version='0.0.0'/>
        <provided namespace='java.package' name='javax.sql.rowset' version='0.0.0'/>
        <provided namespace='java.package' name='javax.sql.rowset.serial' version='0.0.0'/>
        <provided namespace='java.package' name='javax.sql.rowset.spi' version='0.0.0'/>
        <provided namespace='java.package' name='javax.swing' version='0.0.0'/>
        <provided namespace='java.package' name='javax.swing.border' version='0.0.0'/>
        <provided namespace='java.package' name='javax.swing.colorchooser' version='0.0.0'/>
        <provided namespace='java.package' name='javax.swing.event' version='0.0.0'/>
        <provided namespace='java.package' name='javax.swing.filechooser' version='0.0.0'/>
        <provided namespace='java.package' name='javax.swing.plaf' version='0.0.0'/>
        <provided namespace='java.package' name='javax.swing.plaf.basic' version='0.0.0'/>
        <provided namespace='java.package' name='javax.swing.plaf.metal' version='0.0.0'/>
        <provided namespace='java.package' name='javax.swing.plaf.multi' version='0.0.0'/>
        <provided namespace='java.package' name='javax.swing.plaf.synth' version='0.0.0'/>
        <provided namespace='java.package' name='javax.swing.table' version='0.0.0'/>
        <provided namespace='java.package' name='javax.swing.text' version='0.0.0'/>
        <provided namespace='java.package' name='javax.swing.text.html' version='0.0.0'/>
        <provided namespace='java.package' name='javax.swing.text.html.parser' version='0.0.0'/>
        <provided namespace='java.package' name='javax.swing.text.rtf' version='0.0.0'/>
        <provided namespace='java.package' name='javax.swing.tree' version='0.0.0'/>
        <provided namespace='java.package' name='javax.swing.undo' version='0.0.0'/>
        <provided namespace='java.package' name='javax.transaction' version='0.0.0'/>
        <provided namespace='java.package' name='javax.transaction.xa' version='0.0.0'/>
        <provided namespace='java.package' name='javax.xml' version='0.0.0'/>
        <provided namespace='java.package' name='javax.xml.datatype' version='0.0.0'/>
        <provided namespace='java.package' name='javax.xml.namespace' version='0.0.0'/>
        <provided namespace='java.package' name='javax.xml.parsers' version='0.0.0'/>
        <provided namespace='java.package' name='javax.xml.transform' version='0.0.0'/>
        <provided namespace='java.package' name='javax.xml.transform.dom' version='0.0.0'/>
        <provided namespace='java.package' name='javax.xml.transform.sax' version='0.0.0'/>
        <provided namespace='java.package' name='javax.xml.transform.stream' version='0.0.0'/>
        <provided namespace='java.package' name='javax.xml.validation' version='0.0.0'/>
        <provided namespace='java.package' name='javax.xml.xpath' version='0.0.0'/>
        <provided namespace='java.package' name='org.ietf.jgss' version='0.0.0'/>
        <provided namespace='java.package' name='org.omg.CORBA' version='0.0.0'/>
        <provided namespace='java.package' name='org.omg.CORBA_2_3' version='0.0.0'/>
        <provided namespace='java.package' name='org.omg.CORBA_2_3.portable' version='0.0.0'/>
        <provided namespace='java.package' name='org.omg.CORBA.DynAnyPackage' version='0.0.0'/>
        <provided namespace='java.package' name='org.omg.CORBA.ORBPackage' version='0.0.0'/>
        <provided namespace='java.package' name='org.omg.CORBA.portable' version='0.0.0'/>
        <provided namespace='java.package' name='org.omg.CORBA.TypeCodePackage' version='0.0.0'/>
        <provided namespace='java.package' name='org.omg.CosNaming' version='0.0.0'/>
        <provided namespace='java.package' name='org.omg.CosNaming.NamingContextExtPackage' version='0.0.0'/>
        <provided namespace='java.package' name='org.omg.CosNaming.NamingContextPackage' version='0.0.0'/>
        <provided namespace='java.package' name='org.omg.Dynamic' version='0.0.0'/>
        <provided namespace='java.package' name='org.omg.DynamicAny' version='0.0.0'/>
        <provided namespace='java.package' name='org.omg.DynamicAny.DynAnyFactoryPackage' version='0.0.0'/>
        <provided namespace='java.package' name='org.omg.DynamicAny.DynAnyPackage' version='0.0.0'/>
        <provided namespace='java.package' name='org.omg.IOP' version='0.0.0'/>
        <provided namespace='java.package' name='org.omg.IOP.CodecFactoryPackage' version='0.0.0'/>
        <provided namespace='java.package' name='org.omg.IOP.CodecPackage' version='0.0.0'/>
        <provided namespace='java.package' name='org.omg.Messaging' version='0.0.0'/>
        <provided namespace='java.package' name='org.omg.PortableInterceptor' version='0.0.0'/>
        <provided namespace='java.package' name='org.omg.PortableInterceptor.ORBInitInfoPackage' version='0.0.0'/>
        <provided namespace='java.package' name='org.omg.PortableServer' version='0.0.0'/>
        <provided namespace='java.package' name='org.omg.PortableServer.CurrentPackage' version='0.0.0'/>
        <provided namespace='java.package' name='org.omg.PortableServer.POAManagerPackage' version='0.0.0'/>
        <provided namespace='java.package' name='org.omg.PortableServer.POAPackage' version='0.0.0'/>
        <provided namespace='java.package' name='org.omg.PortableServer.portable' version='0.0.0'/>
        <provided namespace='java.package' name='org.omg.PortableServer.ServantLocatorPackage' version='0.0.0'/>
        <provided namespace='java.package' name='org.omg.SendingContext' version='0.0.0'/>
        <provided namespace='java.package' name='org.omg.stub.java.rmi' version='0.0.0'/>
        <provided namespace='java.package' name='org.w3c.dom' version='0.0.0'/>
        <provided namespace='java.package' name='org.w3c.dom.bootstrap' version='0.0.0'/>
        <provided namespace='java.package' name='org.w3c.dom.events' version='0.0.0'/>
        <provided namespace='java.package' name='org.w3c.dom.ls' version='0.0.0'/>
        <provided namespace='java.package' name='org.xml.sax' version='0.0.0'/>
        <provided namespace='java.package' name='org.xml.sax.ext' version='0.0.0'/>
        <provided namespace='java.package' name='org.xml.sax.helpers' version='0.0.0'/>
      </provides>
      <touchpoint id='org.eclipse.equinox.p2.native' version='1.0.0'/>
    </unit>
    <unit id='tooling.org.eclipse.update.feature.default' version='1.0.0' singleton='false'>
      <hostRequirements size='1'>
        <required namespace='org.eclipse.equinox.p2.eclipse.type' name='feature' range='0.0.0' optional='true' multiple='true' greedy='false'/>
      </hostRequirements>
      <properties size='1'>
        <property name='org.eclipse.equinox.p2.type.fragment' value='true'/>
      </properties>
      <provides size='2'>
        <provided namespace='org.eclipse.equinox.p2.iu' name='tooling.org.eclipse.update.feature.default' version='1.0.0'/>
        <provided namespace='org.eclipse.equinox.p2.flavor' name='tooling' version='1.0.0'/>
      </provides>
      <requires size='1'>
        <required namespace='org.eclipse.equinox.p2.eclipse.type' name='feature' range='0.0.0' optional='true' multiple='true' greedy='false'/>
      </requires>
      <filter>
        (org.eclipse.update.install.features=true)
      </filter>
      <touchpoint id='null' version='0.0.0'/>
      <touchpointData size='1'>
        <instructions size='2'>
          <instruction key='uninstall'>
            uninstallFeature(feature:${artifact},featureId:default,featureVersion:default)
          </instruction>
          <instruction key='install'>
            installFeature(feature:${artifact},featureId:default,featureVersion:default)
          </instruction>
        </instructions>
      </touchpointData>
    </unit>
  </units>
</repository>
