<?xml version="1.0" encoding="UTF-8"?>
<site>
   <description url="http://eclipse-javacc.sourceforge.net">
      Site Sourceforge
   </description>
   <feature url="features/sf.eclipse.javacc.feature_1.5.16.jar" id="sf.eclipse.javacc.feature" version="1.5.16">
      <category name="Eclipse JavaCC Plugin"/>
   </feature>
   <category-def name="Eclipse JavaCC Plugin" label="Eclipse JavaCC Plugin">
      <description>
         Eclipse JavaCC Plugin
      </description>
   </category-def>
</site>
